Method,TimeN,ErrorN,Time,Error
Direct Euler,1.0,0.01889831972214469,0.824897640931762,0.05826502501331162
Omelyan,1.7418379418038126,0.2928766666180153,1.2317782094633314,0.030695781330393523
Velocity Verlet,0.9716795328093064,0.047909575668675514,0.7637010897918357,0.025018097129532332
Buss,0.0,0.0,1.8808185868129341,0.13546363971860714
Fincham LeapFrog,1.1061955533994414,0.15945347150770608,0.6968598154668283,0.03885278383958818
Johnson,2.763917462266236,0.11361994137522263,2.607415748788213,0.16588269611404619
MercuryDPM,1.9598387307338385,0.11762261299518967,1.2194868637799356,0.11640244619922989
SPIRAL,0.0,0.0,1.335396119224087,0.04426661483177273