dt,mean_error,std_error
7.68812776e-08,0.005284375438804356,0.003861430608919992
3.06069879e-07,0.0006011767098556903,0.0005255205060817696
1.21848613e-06,0.0004897012668056145,0.0022973042990613677
4.85088067e-06,0.007334765369468634,0.011266427080212442
1.93117038e-05,0.2759876805085302,0.2056728064861117
