Time_Fincham,Time_Omelyan,Time_Carlos,Fincham,Omelyan,Carlos
1.21848613e-6,7.68812776e-8,7.68812776e-8,0.03541275329629978,1.7259713298028457e-5,0.005284375438804356
4.85088067e-6,3.06069879e-7,3.06069879e-7,0.08953361161830961,4.273890992404205e-5,0.0006011767098556903
1.93117038e-5,4.85088067e-6,1.21848613e-6,0.5932428524315041,0.010612729189473985,0.0004897012668056145
3.06069879e-7,1.21848613e-6,4.85088067e-6,0.007233245175339356,0.0003269120954373434,0.007334765369468634
7.68812776e-8,1.93117038e-5,1.93117038e-5,0.0026136627522769383,0.18117837602545223,0.2759876805085302
