dt,mean_error,std_error
7.68812776e-08,1.7259713298028457e-05,0.00017910978127020976
3.06069879e-07,4.273890992404205e-05,0.00032076262262081183
4.85088067e-06,0.010612729189473985,0.0057213348973090316
1.21848613e-06,0.0003269120954373434,0.0012114242861412502
1.93117038e-05,0.18117837602545223,0.10953797278878984
